{
  "pitch": [
    -5.961887718568484, 14.539065466565358, 209.8078531494463,
    35.191513670408995
  ],
  "energy": [
    -1.385536789894104, 5.9546403884887695, 54.31191204464916, 39.19918302104836
  ]
}
